threshold,flagged_steps,wrong_rate_among_flagged
0.1,1,1.0
0.2,4,0.5
0.3,8,0.25
0.4,9,0.33333333333333337
0.5,9,0.33333333333333337
0.6,9,0.33333333333333337
0.7,9,0.33333333333333337
0.8,9,0.33333333333333337
0.9,9,0.33333333333333337
