correctness_label,count,mean,std,min,25%,50%,75%,max
correct,6.0,0.21796383333333336,0.05573554720074673,0.153971,0.17298275,0.218938,0.25194,0.295331
incorrect,3.0,0.194867,0.17283852915076545,0.076704,0.09568199999999999,0.11466,0.2539485,0.393237
